latitude,longitude,date_local,aqi
39.835556,-75.3725,2017-12-30,67
39.835556,-75.3725,2017-12-31,44
39.835556,-75.3725,2017-12-27,46
39.835556,-75.3725,2017-12-13,18
39.835556,-75.3725,2017-12-20,40
39.835556,-75.3725,2017-12-16,68
39.835556,-75.3725,2017-12-26,38
39.835556,-75.3725,2017-12-23,45
39.835556,-75.3725,2017-12-09,59
39.835556,-75.3725,2017-12-25,27
39.835556,-75.3725,2017-12-29,54
39.835556,-75.3725,2017-12-17,73
39.835556,-75.3725,2017-12-24,32
39.835556,-75.3725,2017-12-22,59
39.835556,-75.3725,2017-12-12,47
39.835556,-75.3725,2017-12-03,74
39.835556,-75.3725,2017-12-21,36
39.835556,-75.3725,2017-12-15,51
39.835556,-75.3725,2017-12-21,48
39.835556,-75.3725,2017-12-14,43
39.835556,-75.3725,2017-12-28,36
39.835556,-75.3725,2017-12-18,71
39.835556,-75.3725,2017-12-19,62
40.309722,-78.915,2017-12-13,40
40.309722,-78.915,2017-12-09,67
40.309722,-78.915,2017-12-14,55
40.309722,-78.915,2017-12-27,36
40.309722,-78.915,2017-12-12,56
40.309722,-78.915,2017-12-05,66
40.309722,-78.915,2017-12-07,50
40.309722,-78.915,2017-12-03,91
40.309722,-78.915,2017-12-10,58
40.309722,-78.915,2017-12-17,81
40.309722,-78.915,2017-12-04,84
40.309722,-78.915,2017-12-20,59
40.309722,-78.915,2017-12-18,71
40.309722,-78.915,2017-12-08,54
40.309722,-78.915,2017-12-15,79
40.309722,-78.915,2017-12-19,50
40.309722,-78.915,2017-12-06,39
40.309722,-78.915,2017-12-02,86
40.309722,-78.915,2017-12-29,64
40.309722,-78.915,2017-12-11,63
40.309722,-78.915,2017-12-28,54
40.309722,-78.915,2017-12-16,61
40.43743,-79.863571999999991,2017-12-09,45
40.43743,-79.863571999999991,2017-12-11,49
40.43743,-79.863571999999991,2017-12-24,30
40.43743,-79.863571999999991,2017-12-18,48
40.43743,-79.863571999999991,2017-12-14,43
40.43743,-79.863571999999991,2017-12-15,57
40.43743,-79.863571999999991,2017-12-12,34
40.43743,-79.863571999999991,2017-12-29,58
40.43743,-79.863571999999991,2017-12-17,71
40.43743,-79.863571999999991,2017-12-25,34
40.43743,-79.863571999999991,2017-12-30,59
40.43743,-79.863571999999991,2017-12-27,47
40.43743,-79.863571999999991,2017-12-21,28
40.43743,-79.863571999999991,2017-12-08,40
40.43743,-79.863571999999991,2017-12-16,56
40.43743,-79.863571999999991,2017-12-06,19
40.43743,-79.863571999999991,2017-12-03,124
40.43743,-79.863571999999991,2017-12-04,61
40.43743,-79.863571999999991,2017-12-19,42
40.43743,-79.863571999999991,2017-12-28,55
40.43743,-79.863571999999991,2017-12-22,48
40.43743,-79.863571999999991,2017-12-05,38
40.43743,-79.863571999999991,2017-12-26,35
40.43743,-79.863571999999991,2017-12-07,30
40.43743,-79.863571999999991,2017-12-10,48
40.43743,-79.863571999999991,2017-12-23,37
40.43743,-79.863571999999991,2017-12-31,54
40.43743,-79.863571999999991,2017-12-02,83
40.43743,-79.863571999999991,2017-12-20,36
40.43743,-79.863571999999991,2017-12-13,27
40.617488,-79.72766399999999,2017-12-21,26
40.617488,-79.72766399999999,2017-12-27,34
40.617488,-79.72766399999999,2017-12-03,73
40.617488,-79.72766399999999,2017-12-06,21
40.617488,-79.72766399999999,2017-12-18,52
40.617488,-79.72766399999999,2017-12-12,26
40.617488,-79.72766399999999,2017-12-24,27
40.617488,-79.72766399999999,2017-12-09,45
40.617488,-79.72766399999999,2017-12-15,51
40.054171,-74.985165999999992,2017-12-29,55
40.054171,-74.985165999999992,2017-12-25,40
40.054171,-74.985165999999992,2017-12-16,72
40.054171,-74.985165999999992,2017-12-26,46
40.054171,-74.985165999999992,2017-12-04,91
40.054171,-74.985165999999992,2017-12-08,57
40.054171,-74.985165999999992,2017-12-05,29
40.054171,-74.985165999999992,2017-12-31,56
40.054171,-74.985165999999992,2017-12-24,33
40.054171,-74.985165999999992,2017-12-03,71
40.054171,-74.985165999999992,2017-12-17,71
40.054171,-74.985165999999992,2017-12-22,63
40.054171,-74.985165999999992,2017-12-19,74
40.054171,-74.985165999999992,2017-12-27,55
40.054171,-74.985165999999992,2017-12-23,50
40.054171,-74.985165999999992,2017-12-28,46
40.054171,-74.985165999999992,2017-12-21,58
40.054171,-74.985165999999992,2017-12-30,72
40.054171,-74.985165999999992,2017-12-06,38
40.054171,-74.985165999999992,2017-12-18,82
40.054171,-74.985165999999992,2017-12-07,49
40.054171,-74.985165999999992,2017-12-20,54
40.054171,-74.985165999999992,2017-12-02,50
40.054171,-74.985165999999992,2017-12-15,57
40.112221999999996,-75.309167,2017-12-21,31
40.112221999999996,-75.309167,2017-12-22,52
40.112221999999996,-75.309167,2017-12-16,58
40.112221999999996,-75.309167,2017-12-08,37
40.112221999999996,-75.309167,2017-12-26,15
40.112221999999996,-75.309167,2017-12-09,46
40.112221999999996,-75.309167,2017-12-11,40
40.112221999999996,-75.309167,2017-12-31,18
40.112221999999996,-75.309167,2017-12-19,48
40.112221999999996,-75.309167,2017-12-20,14
40.112221999999996,-75.309167,2017-12-02,54
40.112221999999996,-75.309167,2017-12-29,22
40.112221999999996,-75.309167,2017-12-25,10
40.112221999999996,-75.309167,2017-12-12,28
40.112221999999996,-75.309167,2017-12-05,33
40.112221999999996,-75.309167,2017-12-28,10
40.112221999999996,-75.309167,2017-12-15,44
40.112221999999996,-75.309167,2017-12-07,15
40.112221999999996,-75.309167,2017-12-17,64
40.112221999999996,-75.309167,2017-12-23,40
40.112221999999996,-75.309167,2017-12-18,73
40.112221999999996,-75.309167,2017-12-24,11
40.112221999999996,-75.309167,2017-12-06,2
40.112221999999996,-75.309167,2017-12-04,96
40.112221999999996,-75.309167,2017-12-10,53
40.112221999999996,-75.309167,2017-12-13,3
40.112221999999996,-75.309167,2017-12-27,24
40.112221999999996,-75.309167,2017-12-14,25
40.112221999999996,-75.309167,2017-12-30,59
40.112221999999996,-75.309167,2017-12-03,77
40.375644,-80.169942999999989,2017-12-27,32
40.375644,-80.169942999999989,2017-12-06,18
40.375644,-80.169942999999989,2017-12-12,25
40.375644,-80.169942999999989,2017-12-03,70
40.375644,-80.169942999999989,2017-12-21,27
40.375644,-80.169942999999989,2017-12-15,35
40.375644,-80.169942999999989,2017-12-18,33
40.375644,-80.169942999999989,2017-12-24,33
40.375644,-80.169942999999989,2017-12-09,35
40.375644,-80.169942999999989,2017-12-30,55
40.043833,-76.112400000000008,2017-12-15,38
40.043833,-76.112400000000008,2017-12-11,54
40.043833,-76.112400000000008,2017-12-27,33
40.043833,-76.112400000000008,2017-12-10,65
40.043833,-76.112400000000008,2017-12-14,34
40.043833,-76.112400000000008,2017-12-07,33
40.043833,-76.112400000000008,2017-12-27,32
40.043833,-76.112400000000008,2017-12-20,55
40.043833,-76.112400000000008,2017-12-04,124
40.043833,-76.112400000000008,2017-12-09,68
40.043833,-76.112400000000008,2017-12-17,69
40.043833,-76.112400000000008,2017-12-08,53
40.043833,-76.112400000000008,2017-12-13,5
40.043833,-76.112400000000008,2017-12-12,29
40.043833,-76.112400000000008,2017-12-16,60
40.043833,-76.112400000000008,2017-12-19,29
40.043833,-76.112400000000008,2017-12-21,56
40.043833,-76.112400000000008,2017-12-28,26
40.043833,-76.112400000000008,2017-12-14,26
40.043833,-76.112400000000008,2017-12-20,50
40.043833,-76.112400000000008,2017-12-25,24
40.043833,-76.112400000000008,2017-12-04,117
40.043833,-76.112400000000008,2017-12-06,30
40.043833,-76.112400000000008,2017-12-12,35
40.043833,-76.112400000000008,2017-12-09,74
40.043833,-76.112400000000008,2017-12-25,26
40.043833,-76.112400000000008,2017-12-05,59
40.043833,-76.112400000000008,2017-12-15,56
40.043833,-76.112400000000008,2017-12-22,64
40.043833,-76.112400000000008,2017-12-05,58
40.043833,-76.112400000000008,2017-12-07,23
40.043833,-76.112400000000008,2017-12-03,87
40.043833,-76.112400000000008,2017-12-31,37
40.043833,-76.112400000000008,2017-12-16,62
40.043833,-76.112400000000008,2017-12-30,74
40.043833,-76.112400000000008,2017-12-31,34
40.043833,-76.112400000000008,2017-12-17,75
40.043833,-76.112400000000008,2017-12-21,56
40.043833,-76.112400000000008,2017-12-03,87
40.043833,-76.112400000000008,2017-12-24,28
40.043833,-76.112400000000008,2017-12-23,52
40.043833,-76.112400000000008,2017-12-22,60
40.043833,-76.112400000000008,2017-12-13,18
40.043833,-76.112400000000008,2017-12-26,35
40.043833,-76.112400000000008,2017-12-06,25
40.043833,-76.112400000000008,2017-12-30,80
40.043833,-76.112400000000008,2017-12-02,69
40.043833,-76.112400000000008,2017-12-08,56
40.043833,-76.112400000000008,2017-12-29,52
40.043833,-76.112400000000008,2017-12-29,53
40.043833,-76.112400000000008,2017-12-18,86
40.043833,-76.112400000000008,2017-12-24,26
40.043833,-76.112400000000008,2017-12-23,56
40.043833,-76.112400000000008,2017-12-19,35
40.043833,-76.112400000000008,2017-12-18,87
40.043833,-76.112400000000008,2017-12-11,57
40.043833,-76.112400000000008,2017-12-28,30
40.043833,-76.112400000000008,2017-12-02,71
40.043833,-76.112400000000008,2017-12-26,30
40.246528,-77.18675,2017-12-29,46
40.246528,-77.18675,2017-12-23,55
40.246528,-77.18675,2017-12-28,21
40.246528,-77.18675,2017-12-17,85
40.246528,-77.18675,2017-12-03,77
40.246528,-77.18675,2017-12-08,41
40.246528,-77.18675,2017-12-11,49
40.246528,-77.18675,2017-12-09,54
40.246528,-77.18675,2017-12-03,76
40.246528,-77.18675,2017-12-17,82
40.246528,-77.18675,2017-12-07,28
40.246528,-77.18675,2017-12-18,85
40.246528,-77.18675,2017-12-29,46
40.246528,-77.18675,2017-12-02,60
40.246528,-77.18675,2017-12-22,54
40.246528,-77.18675,2017-12-05,65
40.246528,-77.18675,2017-12-16,42
40.246528,-77.18675,2017-12-07,21
40.246528,-77.18675,2017-12-20,19
40.246528,-77.18675,2017-12-10,43
40.246528,-77.18675,2017-12-13,18
40.246528,-77.18675,2017-12-15,48
40.246528,-77.18675,2017-12-21,30
40.246528,-77.18675,2017-12-24,25
40.246528,-77.18675,2017-12-15,55
40.246528,-77.18675,2017-12-26,11
40.246528,-77.18675,2017-12-12,31
40.246528,-77.18675,2017-12-19,25
40.246528,-77.18675,2017-12-23,51
40.246528,-77.18675,2017-12-05,67
40.246528,-77.18675,2017-12-25,29
40.246528,-77.18675,2017-12-20,28
40.246528,-77.18675,2017-12-04,102
40.246528,-77.18675,2017-12-08,38
40.246528,-77.18675,2017-12-19,31
40.246528,-77.18675,2017-12-22,55
40.246528,-77.18675,2017-12-21,31
40.246528,-77.18675,2017-12-16,39
40.246528,-77.18675,2017-12-11,47
40.246528,-77.18675,2017-12-31,20
40.246528,-77.18675,2017-12-30,62
40.246528,-77.18675,2017-12-18,85
40.246528,-77.18675,2017-12-04,103
40.246528,-77.18675,2017-12-14,34
40.246528,-77.18675,2017-12-02,58
40.246528,-77.18675,2017-12-09,54
40.246528,-77.18675,2017-12-14,33
40.246528,-77.18675,2017-12-26,17
40.246528,-77.18675,2017-12-27,30
40.246528,-77.18675,2017-12-06,22
40.246528,-77.18675,2017-12-24,26
40.246528,-77.18675,2017-12-30,65
40.246528,-77.18675,2017-12-12,35
40.246528,-77.18675,2017-12-10,46
40.246528,-77.18675,2017-12-13,18
40.246528,-77.18675,2017-12-27,27
40.246528,-77.18675,2017-12-06,17
40.246528,-77.18675,2017-12-25,23
39.965278,-76.699444,2017-12-27,5
39.965278,-76.699444,2017-12-03,78
39.965278,-76.699444,2017-12-24,6
39.965278,-76.699444,2017-12-22,28
39.965278,-76.699444,2017-12-17,60
39.965278,-76.699444,2017-12-05,48
39.965278,-76.699444,2017-12-20,13
39.965278,-76.699444,2017-12-08,33
39.965278,-76.699444,2017-12-29,22
39.965278,-76.699444,2017-12-04,89
39.965278,-76.699444,2017-12-09,53
39.965278,-76.699444,2017-12-15,27
39.965278,-76.699444,2017-12-18,69
39.965278,-76.699444,2017-12-19,11
39.965278,-76.699444,2017-12-28,3
39.965278,-76.699444,2017-12-06,12
39.965278,-76.699444,2017-12-25,10
39.965278,-76.699444,2017-12-07,9
39.965278,-76.699444,2017-12-02,48
39.965278,-76.699444,2017-12-14,23
39.965278,-76.699444,2017-12-21,31
39.965278,-76.699444,2017-12-23,40
39.965278,-76.699444,2017-12-16,21
39.965278,-76.699444,2017-12-30,56
39.965278,-76.699444,2017-12-31,4
40.747796,-80.316442,2017-12-08,34
40.747796,-80.316442,2017-12-11,43
40.747796,-80.316442,2017-12-09,37
40.747796,-80.316442,2017-12-10,37
40.747796,-80.316442,2017-12-22,53
40.747796,-80.316442,2017-12-12,38
40.747796,-80.316442,2017-12-27,36
40.747796,-80.316442,2017-12-10,43
40.747796,-80.316442,2017-12-08,42
40.747796,-80.316442,2017-12-09,52
40.747796,-80.316442,2017-12-21,37
40.747796,-80.316442,2017-12-07,18
40.747796,-80.316442,2017-12-19,36
40.747796,-80.316442,2017-12-31,48
40.747796,-80.316442,2017-12-03,76
40.747796,-80.316442,2017-12-04,66
40.747796,-80.316442,2017-12-27,35
40.747796,-80.316442,2017-12-28,52
40.747796,-80.316442,2017-12-23,23
40.747796,-80.316442,2017-12-20,33
40.747796,-80.316442,2017-12-24,35
40.747796,-80.316442,2017-12-07,27
40.747796,-80.316442,2017-12-11,54
40.747796,-80.316442,2017-12-02,69
40.747796,-80.316442,2017-12-17,72
40.747796,-80.316442,2017-12-21,30
40.747796,-80.316442,2017-12-18,56
40.747796,-80.316442,2017-12-24,38
40.747796,-80.316442,2017-12-05,36
40.747796,-80.316442,2017-12-28,54
40.747796,-80.316442,2017-12-16,50
40.747796,-80.316442,2017-12-30,54
40.747796,-80.316442,2017-12-26,23
40.747796,-80.316442,2017-12-06,6
40.747796,-80.316442,2017-12-31,40
40.747796,-80.316442,2017-12-05,33
40.747796,-80.316442,2017-12-04,66
40.747796,-80.316442,2017-12-26,23
40.747796,-80.316442,2017-12-30,58
40.747796,-80.316442,2017-12-23,22
40.747796,-80.316442,2017-12-29,55
40.747796,-80.316442,2017-12-14,29
40.747796,-80.316442,2017-12-19,37
40.747796,-80.316442,2017-12-20,33
40.747796,-80.316442,2017-12-29,53
40.747796,-80.316442,2017-12-25,18
40.747796,-80.316442,2017-12-12,27
40.747796,-80.316442,2017-12-13,16
40.747796,-80.316442,2017-12-02,67
40.747796,-80.316442,2017-12-03,73
40.747796,-80.316442,2017-12-15,53
40.747796,-80.316442,2017-12-06,18
40.747796,-80.316442,2017-12-13,20
40.747796,-80.316442,2017-12-22,50
40.747796,-80.316442,2017-12-25,21
40.337328,-76.38344699999999,2017-12-09,74
40.337328,-76.38344699999999,2017-12-28,53
40.337328,-76.38344699999999,2017-12-08,61
40.337328,-76.38344699999999,2017-12-20,28
40.337328,-76.38344699999999,2017-12-12,32
40.337328,-76.38344699999999,2017-12-08,43
40.337328,-76.38344699999999,2017-12-29,38
40.337328,-76.38344699999999,2017-12-19,47
40.337328,-76.38344699999999,2017-12-31,22
40.337328,-76.38344699999999,2017-12-18,99
40.337328,-76.38344699999999,2017-12-29,60
40.337328,-76.38344699999999,2017-12-25,58
40.337328,-76.38344699999999,2017-12-06,53
40.337328,-76.38344699999999,2017-12-07,59
40.337328,-76.38344699999999,2017-12-30,90
40.337328,-76.38344699999999,2017-12-03,99
40.337328,-76.38344699999999,2017-12-24,27
40.337328,-76.38344699999999,2017-12-14,38
40.337328,-76.38344699999999,2017-12-18,86
40.337328,-76.38344699999999,2017-12-06,22
40.337328,-76.38344699999999,2017-12-26,16
40.337328,-76.38344699999999,2017-12-07,34
40.337328,-76.38344699999999,2017-12-16,49
40.337328,-76.38344699999999,2017-12-28,20
40.337328,-76.38344699999999,2017-12-11,51
40.337328,-76.38344699999999,2017-12-26,52
40.337328,-76.38344699999999,2017-12-04,127
40.337328,-76.38344699999999,2017-12-22,84
40.337328,-76.38344699999999,2017-12-14,59
40.337328,-76.38344699999999,2017-12-27,55
40.337328,-76.38344699999999,2017-12-04,110
40.337328,-76.38344699999999,2017-12-12,56
40.337328,-76.38344699999999,2017-12-02,82
40.337328,-76.38344699999999,2017-12-16,64
40.337328,-76.38344699999999,2017-12-31,51
40.337328,-76.38344699999999,2017-12-17,89
40.337328,-76.38344699999999,2017-12-15,72
40.337328,-76.38344699999999,2017-12-30,72
40.337328,-76.38344699999999,2017-12-25,23
40.337328,-76.38344699999999,2017-12-23,51
40.337328,-76.38344699999999,2017-12-09,60
40.337328,-76.38344699999999,2017-12-10,52
40.337328,-76.38344699999999,2017-12-11,66
40.337328,-76.38344699999999,2017-12-10,69
40.337328,-76.38344699999999,2017-12-19,69
40.337328,-76.38344699999999,2017-12-20,57
40.337328,-76.38344699999999,2017-12-13,48
40.337328,-76.38344699999999,2017-12-21,67
40.337328,-76.38344699999999,2017-12-23,67
40.337328,-76.38344699999999,2017-12-05,74
40.337328,-76.38344699999999,2017-12-24,56
40.337328,-76.38344699999999,2017-12-03,86
40.337328,-76.38344699999999,2017-12-02,70
40.337328,-76.38344699999999,2017-12-22,62
40.337328,-76.38344699999999,2017-12-17,76
40.337328,-76.38344699999999,2017-12-05,63
40.337328,-76.38344699999999,2017-12-27,27
39.92002,-77.30968,2017-12-20,36
39.92002,-77.30968,2017-12-08,35
39.92002,-77.30968,2017-12-02,56
39.92002,-77.30968,2017-12-21,27
39.92002,-77.30968,2017-12-28,27
39.92002,-77.30968,2017-12-22,56
39.92002,-77.30968,2017-12-12,129
39.92002,-77.30968,2017-12-19,23
39.92002,-77.30968,2017-12-29,38
39.92002,-77.30968,2017-12-30,56
39.92002,-77.30968,2017-12-27,30
39.92002,-77.30968,2017-12-15,41
39.92002,-77.30968,2017-12-04,77
39.92002,-77.30968,2017-12-09,49
39.92002,-77.30968,2017-12-17,63
39.92002,-77.30968,2017-12-11,45
39.92002,-77.30968,2017-12-26,17
39.92002,-77.30968,2017-12-03,71
39.92002,-77.30968,2017-12-14,30
39.92002,-77.30968,2017-12-05,66
39.92002,-77.30968,2017-12-23,52
39.92002,-77.30968,2017-12-07,20
39.92002,-77.30968,2017-12-18,71
39.92002,-77.30968,2017-12-06,17
39.92002,-77.30968,2017-12-13,21
39.92002,-77.30968,2017-12-24,33
39.92002,-77.30968,2017-12-10,43
39.92002,-77.30968,2017-12-25,26
39.92002,-77.30968,2017-12-16,40
39.92002,-77.30968,2017-12-31,20
40.628056,-75.341111,2017-12-07,55
40.628056,-75.341111,2017-12-03,78
40.628056,-75.341111,2017-12-10,68
40.628056,-75.341111,2017-12-19,64
40.628056,-75.341111,2017-12-20,21
40.628056,-75.341111,2017-12-18,87
40.628056,-75.341111,2017-12-21,30
40.628056,-75.341111,2017-12-16,58
40.628056,-75.341111,2017-12-15,54
40.628056,-75.341111,2017-12-22,43
40.628056,-75.341111,2017-12-21,50
40.628056,-75.341111,2017-12-17,61
40.628056,-75.341111,2017-12-20,37
40.628056,-75.341111,2017-12-25,44
40.628056,-75.341111,2017-12-09,45
40.628056,-75.341111,2017-12-26,21
40.628056,-75.341111,2017-12-30,68
40.628056,-75.341111,2017-12-13,13
40.628056,-75.341111,2017-12-14,32
40.628056,-75.341111,2017-12-15,63
40.628056,-75.341111,2017-12-27,52
40.628056,-75.341111,2017-12-02,65
40.628056,-75.341111,2017-12-12,53
40.628056,-75.341111,2017-12-04,84
40.628056,-75.341111,2017-12-16,66
40.628056,-75.341111,2017-12-29,29
40.628056,-75.341111,2017-12-12,39
40.628056,-75.341111,2017-12-28,15
40.628056,-75.341111,2017-12-08,43
40.628056,-75.341111,2017-12-25,25
40.628056,-75.341111,2017-12-18,91
40.628056,-75.341111,2017-12-28,43
40.628056,-75.341111,2017-12-09,58
40.628056,-75.341111,2017-12-11,61
40.628056,-75.341111,2017-12-26,48
40.628056,-75.341111,2017-12-31,48
40.628056,-75.341111,2017-12-29,52
40.628056,-75.341111,2017-12-24,45
40.628056,-75.341111,2017-12-11,52
40.628056,-75.341111,2017-12-05,51
40.628056,-75.341111,2017-12-30,79
40.628056,-75.341111,2017-12-23,55
40.628056,-75.341111,2017-12-22,60
40.628056,-75.341111,2017-12-08,53
40.628056,-75.341111,2017-12-13,28
40.628056,-75.341111,2017-12-14,49
40.628056,-75.341111,2017-12-24,26
40.628056,-75.341111,2017-12-23,36
40.628056,-75.341111,2017-12-31,19
40.628056,-75.341111,2017-12-10,62
41.215014,-80.484779,2017-12-25,43
41.215014,-80.484779,2017-12-13,38
41.215014,-80.484779,2017-12-15,64
41.215014,-80.484779,2017-12-14,42
41.215014,-80.484779,2017-12-19,55
41.215014,-80.484779,2017-12-22,49
41.215014,-80.484779,2017-12-23,36
41.215014,-80.484779,2017-12-27,52
41.215014,-80.484779,2017-12-10,56
41.215014,-80.484779,2017-12-11,56
41.215014,-80.484779,2017-12-09,56
41.215014,-80.484779,2017-12-12,46
41.215014,-80.484779,2017-12-16,62
41.215014,-80.484779,2017-12-06,37
41.215014,-80.484779,2017-12-26,44
41.215014,-80.484779,2017-12-31,55
41.215014,-80.484779,2017-12-24,58
41.215014,-80.484779,2017-12-29,62
41.215014,-80.484779,2017-12-30,66
41.215014,-80.484779,2017-12-02,78
41.215014,-80.484779,2017-12-05,44
41.215014,-80.484779,2017-12-20,38
41.215014,-80.484779,2017-12-04,68
41.215014,-80.484779,2017-12-17,78
41.215014,-80.484779,2017-12-18,59
41.215014,-80.484779,2017-12-21,42
41.215014,-80.484779,2017-12-28,62
41.215014,-80.484779,2017-12-07,39
41.215014,-80.484779,2017-12-03,79
41.215014,-80.484779,2017-12-08,49
39.818715,-75.413973,2017-12-08,42
39.818715,-75.413973,2017-12-19,67
39.818715,-75.413973,2017-12-09,55
39.818715,-75.413973,2017-12-29,56
39.818715,-75.413973,2017-12-20,54
39.818715,-75.413973,2017-12-27,47
39.818715,-75.413973,2017-12-11,39
39.818715,-75.413973,2017-12-28,38
39.818715,-75.413973,2017-12-21,54
39.818715,-75.413973,2017-12-07,25
39.818715,-75.413973,2017-12-31,47
39.818715,-75.413973,2017-12-03,80
39.818715,-75.413973,2017-12-02,54
39.818715,-75.413973,2017-12-10,57
39.818715,-75.413973,2017-12-05,34
39.818715,-75.413973,2017-12-22,63
39.818715,-75.413973,2017-12-25,43
39.818715,-75.413973,2017-12-04,98
39.818715,-75.413973,2017-12-30,68
39.818715,-75.413973,2017-12-23,60
39.818715,-75.413973,2017-12-26,33
39.818715,-75.413973,2017-12-24,40
39.818715,-75.413973,2017-12-06,22
40.535278,-78.37083299999999,2017-12-19,32
40.535278,-78.37083299999999,2017-12-23,44
40.535278,-78.37083299999999,2017-12-04,80
40.535278,-78.37083299999999,2017-12-13,19
40.535278,-78.37083299999999,2017-12-06,15
40.535278,-78.37083299999999,2017-12-10,39
40.535278,-78.37083299999999,2017-12-16,48
40.535278,-78.37083299999999,2017-12-26,18
40.535278,-78.37083299999999,2017-12-09,54
40.535278,-78.37083299999999,2017-12-02,70
40.535278,-78.37083299999999,2017-12-11,45
40.535278,-78.37083299999999,2017-12-22,53
40.535278,-78.37083299999999,2017-12-17,86
40.535278,-78.37083299999999,2017-12-07,25
40.535278,-78.37083299999999,2017-12-08,29
40.535278,-78.37083299999999,2017-12-28,38
40.535278,-78.37083299999999,2017-12-14,31
40.535278,-78.37083299999999,2017-12-12,37
40.535278,-78.37083299999999,2017-12-20,25
40.535278,-78.37083299999999,2017-12-24,16
40.535278,-78.37083299999999,2017-12-25,22
40.535278,-78.37083299999999,2017-12-18,65
40.535278,-78.37083299999999,2017-12-03,74
40.535278,-78.37083299999999,2017-12-15,60
40.535278,-78.37083299999999,2017-12-21,26
40.535278,-78.37083299999999,2017-12-31,25
40.535278,-78.37083299999999,2017-12-30,55
40.535278,-78.37083299999999,2017-12-27,34
40.535278,-78.37083299999999,2017-12-05,57
40.535278,-78.37083299999999,2017-12-29,55
40.499767,-80.071337,2017-12-29,54
40.499767,-80.071337,2017-12-31,52
40.499767,-80.071337,2017-12-10,44
40.499767,-80.071337,2017-12-30,60
40.499767,-80.071337,2017-12-05,39
40.499767,-80.071337,2017-12-03,85
40.499767,-80.071337,2017-12-27,36
40.499767,-80.071337,2017-12-06,21
40.499767,-80.071337,2017-12-21,29
40.499767,-80.071337,2017-12-17,68
40.499767,-80.071337,2017-12-12,36
40.499767,-80.071337,2017-12-11,51
40.499767,-80.071337,2017-12-12,30
40.499767,-80.071337,2017-12-16,55
40.499767,-80.071337,2017-12-09,48
40.499767,-80.071337,2017-12-23,23
40.499767,-80.071337,2017-12-08,42
40.499767,-80.071337,2017-12-02,81
40.499767,-80.071337,2017-12-07,27
40.499767,-80.071337,2017-12-24,28
40.499767,-80.071337,2017-12-22,39
40.499767,-80.071337,2017-12-26,22
40.499767,-80.071337,2017-12-27,42
40.499767,-80.071337,2017-12-06,17
40.499767,-80.071337,2017-12-14,34
40.499767,-80.071337,2017-12-18,45
40.499767,-80.071337,2017-12-15,54
40.499767,-80.071337,2017-12-24,35
40.499767,-80.071337,2017-12-18,51
40.499767,-80.071337,2017-12-15,55
40.499767,-80.071337,2017-12-09,40
40.499767,-80.071337,2017-12-19,42
40.499767,-80.071337,2017-12-13,21
40.499767,-80.071337,2017-12-28,51
40.499767,-80.071337,2017-12-20,40
40.499767,-80.071337,2017-12-25,27
40.499767,-80.071337,2017-12-03,89
40.499767,-80.071337,2017-12-04,66
40.499767,-80.071337,2017-12-21,30
40.499767,-80.071337,2017-12-30,61
39.922867,-75.186921,2017-12-24,21
39.922867,-75.186921,2017-12-21,28
39.922867,-75.186921,2017-12-31,28
39.922867,-75.186921,2017-12-23,54
39.922867,-75.186921,2017-12-07,22
39.922867,-75.186921,2017-12-08,35
39.922867,-75.186921,2017-12-19,63
39.922867,-75.186921,2017-12-04,91
39.922867,-75.186921,2017-12-14,35
39.922867,-75.186921,2017-12-30,57
39.922867,-75.186921,2017-12-03,62
39.922867,-75.186921,2017-12-20,35
39.922867,-75.186921,2017-12-18,68
39.922867,-75.186921,2017-12-10,55
39.922867,-75.186921,2017-12-02,26
39.922867,-75.186921,2017-12-27,23
39.922867,-75.186921,2017-12-29,27
39.922867,-75.186921,2017-12-16,61
39.922867,-75.186921,2017-12-05,30
39.922867,-75.186921,2017-12-12,31
39.922867,-75.186921,2017-12-11,45
39.922867,-75.186921,2017-12-17,62
39.922867,-75.186921,2017-12-22,51
39.922867,-75.186921,2017-12-09,39
39.922867,-75.186921,2017-12-15,37
39.922867,-75.186921,2017-12-25,23
40.445277999999995,-80.420833,2017-12-14,52
40.445277999999995,-80.420833,2017-12-15,62
40.445277999999995,-80.420833,2017-12-04,59
40.445277999999995,-80.420833,2017-12-16,60
40.445277999999995,-80.420833,2017-12-26,44
40.445277999999995,-80.420833,2017-12-27,58
40.445277999999995,-80.420833,2017-12-13,42
40.445277999999995,-80.420833,2017-12-22,47
40.445277999999995,-80.420833,2017-12-07,44
40.445277999999995,-80.420833,2017-12-30,66
40.445277999999995,-80.420833,2017-12-17,62
40.445277999999995,-80.420833,2017-12-03,69
40.445277999999995,-80.420833,2017-12-06,40
40.445277999999995,-80.420833,2017-12-29,67
40.445277999999995,-80.420833,2017-12-20,54
40.445277999999995,-80.420833,2017-12-21,52
40.445277999999995,-80.420833,2017-12-19,57
40.445277999999995,-80.420833,2017-12-31,61
40.445277999999995,-80.420833,2017-12-02,65
40.445277999999995,-80.420833,2017-12-23,43
40.445277999999995,-80.420833,2017-12-25,45
40.445277999999995,-80.420833,2017-12-28,62
40.445277999999995,-80.420833,2017-12-12,52
40.445277999999995,-80.420833,2017-12-18,54
40.445277999999995,-80.420833,2017-12-10,59
40.445277999999995,-80.420833,2017-12-24,52
40.445277999999995,-80.420833,2017-12-05,48
40.445277999999995,-80.420833,2017-12-09,59
40.445277999999995,-80.420833,2017-12-08,59
40.445277999999995,-80.420833,2017-12-11,58
40.170556,-80.261389,2017-12-28,49
40.170556,-80.261389,2017-12-18,34
40.170556,-80.261389,2017-12-29,56
40.170556,-80.261389,2017-12-21,25
40.170556,-80.261389,2017-12-30,53
40.170556,-80.261389,2017-12-16,46
40.170556,-80.261389,2017-12-15,49
40.170556,-80.261389,2017-12-27,32
40.170556,-80.261389,2017-12-04,57
40.170556,-80.261389,2017-12-24,43
40.170556,-80.261389,2017-12-06,16
40.170556,-80.261389,2017-12-22,32
40.170556,-80.261389,2017-12-14,33
40.170556,-80.261389,2017-12-20,50
40.170556,-80.261389,2017-12-13,13
40.170556,-80.261389,2017-12-09,30
40.170556,-80.261389,2017-12-10,38
40.170556,-80.261389,2017-12-07,21
40.170556,-80.261389,2017-12-08,33
40.170556,-80.261389,2017-12-02,71
40.170556,-80.261389,2017-12-26,21
40.170556,-80.261389,2017-12-12,23
40.170556,-80.261389,2017-12-23,24
40.170556,-80.261389,2017-12-31,44
40.170556,-80.261389,2017-12-19,33
40.170556,-80.261389,2017-12-03,73
40.170556,-80.261389,2017-12-25,29
40.170556,-80.261389,2017-12-05,38
40.170556,-80.261389,2017-12-11,43
40.170556,-80.261389,2017-12-17,41
41.644722,-76.939167,2017-12-15,18
41.644722,-76.939167,2017-12-14,3
41.644722,-76.939167,2017-12-25,9
41.644722,-76.939167,2017-12-30,40
41.644722,-76.939167,2017-12-23,30
41.644722,-76.939167,2017-12-12,28
41.644722,-76.939167,2017-12-17,42
41.644722,-76.939167,2017-12-13,3
41.644722,-76.939167,2017-12-31,10
41.644722,-76.939167,2017-12-22,43
41.644722,-76.939167,2017-12-10,24
41.644722,-76.939167,2017-12-24,25
41.644722,-76.939167,2017-12-18,57
41.644722,-76.939167,2017-12-16,25
41.644722,-76.939167,2017-12-20,20
41.644722,-76.939167,2017-12-19,37
41.644722,-76.939167,2017-12-11,28
41.644722,-76.939167,2017-12-29,14
41.644722,-76.939167,2017-12-28,12
41.644722,-76.939167,2017-12-21,13
41.644722,-76.939167,2017-12-26,14
41.644722,-76.939167,2017-12-27,16
41.644722,-76.939167,2017-12-09,33
41.644722,-76.939167,2017-12-02,42
41.644722,-76.939167,2017-12-03,66
40.146667,-79.902222,2017-12-25,17
40.146667,-79.902222,2017-12-12,40
40.146667,-79.902222,2017-12-26,42
40.146667,-79.902222,2017-12-20,53
40.146667,-79.902222,2017-12-11,45
40.146667,-79.902222,2017-12-26,12
40.146667,-79.902222,2017-12-07,20
40.146667,-79.902222,2017-12-21,30
40.146667,-79.902222,2017-12-12,31
40.146667,-79.902222,2017-12-17,55
40.146667,-79.902222,2017-12-06,11
40.146667,-79.902222,2017-12-12,23
40.146667,-79.902222,2017-12-06,12
40.146667,-79.902222,2017-12-03,74
40.146667,-79.902222,2017-12-04,62
40.146667,-79.902222,2017-12-11,43
40.146667,-79.902222,2017-12-19,43
40.146667,-79.902222,2017-12-04,68
40.146667,-79.902222,2017-12-23,20
40.146667,-79.902222,2017-12-02,86
40.146667,-79.902222,2017-12-05,42
40.146667,-79.902222,2017-12-13,18
40.146667,-79.902222,2017-12-22,40
40.146667,-79.902222,2017-12-18,40
40.146667,-79.902222,2017-12-20,45
40.146667,-79.902222,2017-12-19,33
40.146667,-79.902222,2017-12-23,20
40.146667,-79.902222,2017-12-15,56
40.146667,-79.902222,2017-12-14,35
40.146667,-79.902222,2017-12-06,45
40.146667,-79.902222,2017-12-25,35
40.146667,-79.902222,2017-12-09,43
40.146667,-79.902222,2017-12-27,41
40.146667,-79.902222,2017-12-20,41
40.146667,-79.902222,2017-12-05,40
40.146667,-79.902222,2017-12-10,36
40.146667,-79.902222,2017-12-02,64
40.146667,-79.902222,2017-12-02,87
40.146667,-79.902222,2017-12-29,43
40.146667,-79.902222,2017-12-30,52
40.146667,-79.902222,2017-12-22,38
40.146667,-79.902222,2017-12-05,49
40.146667,-79.902222,2017-12-08,36
40.146667,-79.902222,2017-12-24,27
40.146667,-79.902222,2017-12-10,38
40.146667,-79.902222,2017-12-16,44
40.146667,-79.902222,2017-12-21,29
40.146667,-79.902222,2017-12-17,56
40.146667,-79.902222,2017-12-18,46
40.146667,-79.902222,2017-12-29,53
40.146667,-79.902222,2017-12-15,46
40.146667,-79.902222,2017-12-16,42
40.146667,-79.902222,2017-12-09,37
40.146667,-79.902222,2017-12-08,44
40.146667,-79.902222,2017-12-21,37
40.146667,-79.902222,2017-12-30,47
40.146667,-79.902222,2017-12-18,42
40.146667,-79.902222,2017-12-28,52
40.146667,-79.902222,2017-12-04,56
40.146667,-79.902222,2017-12-08,33
40.146667,-79.902222,2017-12-14,37
40.146667,-79.902222,2017-12-28,41
40.146667,-79.902222,2017-12-07,46
40.146667,-79.902222,2017-12-23,25
40.146667,-79.902222,2017-12-24,35
40.146667,-79.902222,2017-12-17,44
40.146667,-79.902222,2017-12-25,17
40.146667,-79.902222,2017-12-28,52
40.146667,-79.902222,2017-12-29,54
40.146667,-79.902222,2017-12-30,53
40.146667,-79.902222,2017-12-07,23
40.146667,-79.902222,2017-12-11,44
40.146667,-79.902222,2017-12-13,35
40.146667,-79.902222,2017-12-31,38
40.146667,-79.902222,2017-12-14,35
40.146667,-79.902222,2017-12-24,27
40.146667,-79.902222,2017-12-31,39
40.146667,-79.902222,2017-12-15,58
40.146667,-79.902222,2017-12-13,16
40.146667,-79.902222,2017-12-19,36
40.146667,-79.902222,2017-12-16,39
40.146667,-79.902222,2017-12-27,30
40.146667,-79.902222,2017-12-03,80
40.146667,-79.902222,2017-12-10,45
40.146667,-79.902222,2017-12-03,58
40.146667,-79.902222,2017-12-22,45
40.146667,-79.902222,2017-12-26,16
40.146667,-79.902222,2017-12-27,33
40.146667,-79.902222,2017-12-09,31
41.083059999999996,-75.32328,2017-12-31,18
41.083059999999996,-75.32328,2017-12-15,32
41.083059999999996,-75.32328,2017-12-13,10
41.083059999999996,-75.32328,2017-12-17,45
41.083059999999996,-75.32328,2017-12-26,25
41.083059999999996,-75.32328,2017-12-07,23
41.083059999999996,-75.32328,2017-12-30,58
41.083059999999996,-75.32328,2017-12-27,32
41.083059999999996,-75.32328,2017-12-10,39
41.083059999999996,-75.32328,2017-12-16,46
41.083059999999996,-75.32328,2017-12-11,36
41.083059999999996,-75.32328,2017-12-29,24
41.083059999999996,-75.32328,2017-12-23,42
41.083059999999996,-75.32328,2017-12-06,15
41.083059999999996,-75.32328,2017-12-18,64
41.083059999999996,-75.32328,2017-12-20,18
41.083059999999996,-75.32328,2017-12-24,22
41.083059999999996,-75.32328,2017-12-14,20
41.083059999999996,-75.32328,2017-12-12,39
41.083059999999996,-75.32328,2017-12-28,19
41.083059999999996,-75.32328,2017-12-02,27
41.083059999999996,-75.32328,2017-12-03,52
41.083059999999996,-75.32328,2017-12-08,30
41.083059999999996,-75.32328,2017-12-22,38
41.083059999999996,-75.32328,2017-12-05,38
41.083059999999996,-75.32328,2017-12-19,27
41.083059999999996,-75.32328,2017-12-09,31
41.083059999999996,-75.32328,2017-12-04,75
41.083059999999996,-75.32328,2017-12-21,22
41.083059999999996,-75.32328,2017-12-25,16
39.960048,-75.142614,2017-12-23,28
39.960048,-75.142614,2017-12-16,38
39.960048,-75.142614,2017-12-22,37
39.960048,-75.142614,2017-12-31,28
39.960048,-75.142614,2017-12-17,46
39.960048,-75.142614,2017-12-18,56
39.960048,-75.142614,2017-12-19,42
39.960048,-75.142614,2017-12-30,58
40.294340999999996,-79.885331,2017-12-03,83
40.294340999999996,-79.885331,2017-12-27,36
40.294340999999996,-79.885331,2017-12-15,53
40.294340999999996,-79.885331,2017-12-09,37
40.294340999999996,-79.885331,2017-12-21,45
39.991389,-75.080833,2017-12-20,51
39.991389,-75.080833,2017-12-11,59
39.991389,-75.080833,2017-12-16,62
39.991389,-75.080833,2017-12-24,34
39.991389,-75.080833,2017-12-19,65
39.991389,-75.080833,2017-12-25,36
39.991389,-75.080833,2017-12-07,32
39.991389,-75.080833,2017-12-09,53
39.991389,-75.080833,2017-12-26,31
39.991389,-75.080833,2017-12-29,44
39.991389,-75.080833,2017-12-06,26
39.991389,-75.080833,2017-12-10,61
39.991389,-75.080833,2017-12-18,77
39.991389,-75.080833,2017-12-31,40
39.991389,-75.080833,2017-12-21,49
39.991389,-75.080833,2017-12-12,46
39.991389,-75.080833,2017-12-13,19
39.991389,-75.080833,2017-12-08,48
39.991389,-75.080833,2017-12-30,58
39.991389,-75.080833,2017-12-15,43
39.991389,-75.080833,2017-12-06,21
39.991389,-75.080833,2017-12-12,40
39.991389,-75.080833,2017-12-18,72
39.991389,-75.080833,2017-12-30,66
39.991389,-75.080833,2017-12-23,54
39.991389,-75.080833,2017-12-17,63
39.991389,-75.080833,2017-12-15,47
39.991389,-75.080833,2017-12-14,52
39.991389,-75.080833,2017-12-21,38
39.991389,-75.080833,2017-12-03,69
39.991389,-75.080833,2017-12-05,36
39.991389,-75.080833,2017-12-22,60
39.991389,-75.080833,2017-12-28,32
39.991389,-75.080833,2017-12-27,43
39.991389,-75.080833,2017-12-09,52
39.991389,-75.080833,2017-12-27,32
42.141749999999995,-80.038611,2017-12-09,41
42.141749999999995,-80.038611,2017-12-02,47
42.141749999999995,-80.038611,2017-12-25,16
42.141749999999995,-80.038611,2017-12-08,23
42.141749999999995,-80.038611,2017-12-04,55
42.141749999999995,-80.038611,2017-12-15,33
42.141749999999995,-80.038611,2017-12-03,70
42.141749999999995,-80.038611,2017-12-28,11
42.141749999999995,-80.038611,2017-12-07,25
42.141749999999995,-80.038611,2017-12-22,36
42.141749999999995,-80.038611,2017-12-16,31
42.141749999999995,-80.038611,2017-12-19,55
42.141749999999995,-80.038611,2017-12-06,21
42.141749999999995,-80.038611,2017-12-20,11
42.141749999999995,-80.038611,2017-12-23,27
42.141749999999995,-80.038611,2017-12-12,24
42.141749999999995,-80.038611,2017-12-13,13
42.141749999999995,-80.038611,2017-12-14,19
42.141749999999995,-80.038611,2017-12-10,26
42.141749999999995,-80.038611,2017-12-24,22
42.141749999999995,-80.038611,2017-12-29,45
42.141749999999995,-80.038611,2017-12-17,49
42.141749999999995,-80.038611,2017-12-30,45
42.141749999999995,-80.038611,2017-12-31,14
42.141749999999995,-80.038611,2017-12-05,29
42.141749999999995,-80.038611,2017-12-18,53
42.141749999999995,-80.038611,2017-12-26,25
42.141749999999995,-80.038611,2017-12-21,12
42.141749999999995,-80.038611,2017-12-27,23
42.141749999999995,-80.038611,2017-12-11,32
39.988842,-75.207205,2017-12-20,42
39.988842,-75.207205,2017-12-23,52
39.988842,-75.207205,2017-12-04,92
39.988842,-75.207205,2017-12-12,48
39.988842,-75.207205,2017-12-17,68
39.988842,-75.207205,2017-12-26,27
39.988842,-75.207205,2017-12-14,52
39.988842,-75.207205,2017-12-27,35
39.988842,-75.207205,2017-12-29,37
39.988842,-75.207205,2017-12-11,57
39.988842,-75.207205,2017-12-15,54
39.988842,-75.207205,2017-12-09,55
39.988842,-75.207205,2017-12-07,35
39.988842,-75.207205,2017-12-18,73
39.988842,-75.207205,2017-12-13,23
39.988842,-75.207205,2017-12-19,58
39.988842,-75.207205,2017-12-24,29
39.988842,-75.207205,2017-12-28,30
39.988842,-75.207205,2017-12-06,30
39.988842,-75.207205,2017-12-30,64
39.988842,-75.207205,2017-12-10,59
39.988842,-75.207205,2017-12-21,43
39.988842,-75.207205,2017-12-25,33
39.988842,-75.207205,2017-12-22,56
39.988842,-75.207205,2017-12-03,66
39.988842,-75.207205,2017-12-02,52
39.988842,-75.207205,2017-12-31,37
39.988842,-75.207205,2017-12-16,62
39.988842,-75.207205,2017-12-05,52
39.988842,-75.207205,2017-12-08,54
40.008888999999996,-75.09778,2017-12-09,53
40.008888999999996,-75.09778,2017-12-06,19
40.008888999999996,-75.09778,2017-12-06,22
40.008888999999996,-75.09778,2017-12-12,36
40.008888999999996,-75.09778,2017-12-27,30
40.008888999999996,-75.09778,2017-12-18,70
40.008888999999996,-75.09778,2017-12-18,71
40.008888999999996,-75.09778,2017-12-30,62
40.008888999999996,-75.09778,2017-12-03,64
40.008888999999996,-75.09778,2017-12-21,36
40.008888999999996,-75.09778,2017-12-24,20
40.008888999999996,-75.09778,2017-12-30,61
40.008888999999996,-75.09778,2017-12-27,30
40.008888999999996,-75.09778,2017-12-09,52
40.008888999999996,-75.09778,2017-12-21,32
40.008888999999996,-75.09778,2017-12-03,62
40.008888999999996,-75.09778,2017-12-12,40
40.008888999999996,-75.09778,2017-12-24,19
41.442778,-75.623055999999991,2017-12-17,57
41.442778,-75.623055999999991,2017-12-29,42
41.442778,-75.623055999999991,2017-12-25,16
41.442778,-75.623055999999991,2017-12-31,18
41.442778,-75.623055999999991,2017-12-22,47
41.442778,-75.623055999999991,2017-12-08,42
41.442778,-75.623055999999991,2017-12-09,56
41.442778,-75.623055999999991,2017-12-12,48
41.442778,-75.623055999999991,2017-12-13,11
41.442778,-75.623055999999991,2017-12-28,25
41.442778,-75.623055999999991,2017-12-27,40
41.442778,-75.623055999999991,2017-12-24,27
41.442778,-75.623055999999991,2017-12-11,45
41.442778,-75.623055999999991,2017-12-21,23
41.442778,-75.623055999999991,2017-12-14,20
41.442778,-75.623055999999991,2017-12-30,62
41.442778,-75.623055999999991,2017-12-26,28
41.442778,-75.623055999999991,2017-12-03,72
41.442778,-75.623055999999991,2017-12-05,52
41.442778,-75.623055999999991,2017-12-19,49
41.442778,-75.623055999999991,2017-12-06,25
41.442778,-75.623055999999991,2017-12-18,77
41.442778,-75.623055999999991,2017-12-02,40
41.442778,-75.623055999999991,2017-12-07,29
41.442778,-75.623055999999991,2017-12-16,52
41.442778,-75.623055999999991,2017-12-23,50
41.442778,-75.623055999999991,2017-12-20,20
41.442778,-75.623055999999991,2017-12-10,51
41.442778,-75.623055999999991,2017-12-15,55
41.442778,-75.623055999999991,2017-12-04,90
40.046667,-76.283333,2017-12-22,60
40.046667,-76.283333,2017-12-04,122
40.046667,-76.283333,2017-12-20,28
40.046667,-76.283333,2017-12-31,26
40.046667,-76.283333,2017-12-15,51
40.046667,-76.283333,2017-12-12,31
40.046667,-76.283333,2017-12-02,76
40.046667,-76.283333,2017-12-03,106
40.046667,-76.283333,2017-12-23,53
40.046667,-76.283333,2017-12-25,26
40.046667,-76.283333,2017-12-18,80
40.046667,-76.283333,2017-12-19,30
40.046667,-76.283333,2017-12-27,21
40.046667,-76.283333,2017-12-30,73
40.046667,-76.283333,2017-12-18,81
40.046667,-76.283333,2017-12-16,53
40.046667,-76.283333,2017-12-29,39
40.046667,-76.283333,2017-12-12,34
40.046667,-76.283333,2017-12-06,22
40.046667,-76.283333,2017-12-15,38
40.046667,-76.283333,2017-12-11,54
40.046667,-76.283333,2017-12-26,18
40.046667,-76.283333,2017-12-24,28
40.046667,-76.283333,2017-12-21,45
40.046667,-76.283333,2017-12-22,61
40.046667,-76.283333,2017-12-14,33
40.046667,-76.283333,2017-12-11,49
40.046667,-76.283333,2017-12-10,54
40.046667,-76.283333,2017-12-28,17
40.046667,-76.283333,2017-12-21,35
40.046667,-76.283333,2017-12-05,54
40.046667,-76.283333,2017-12-31,22
40.046667,-76.283333,2017-12-17,76
40.046667,-76.283333,2017-12-30,75
40.046667,-76.283333,2017-12-21,44
40.046667,-76.283333,2017-12-15,46
40.046667,-76.283333,2017-12-09,67
40.046667,-76.283333,2017-12-17,80
40.046667,-76.283333,2017-12-25,28
40.046667,-76.283333,2017-12-08,39
40.046667,-76.283333,2017-12-03,96
40.046667,-76.283333,2017-12-26,16
40.046667,-76.283333,2017-12-13,10
40.046667,-76.283333,2017-12-04,128
40.046667,-76.283333,2017-12-10,56
40.046667,-76.283333,2017-12-20,65
40.046667,-76.283333,2017-12-06,18
40.046667,-76.283333,2017-12-05,56
40.046667,-76.283333,2017-12-13,15
40.046667,-76.283333,2017-12-07,24
40.046667,-76.283333,2017-12-27,29
40.046667,-76.283333,2017-12-03,102
40.046667,-76.283333,2017-12-02,67
40.046667,-76.283333,2017-12-09,61
40.046667,-76.283333,2017-12-24,27
40.046667,-76.283333,2017-12-23,56
40.046667,-76.283333,2017-12-19,38
40.046667,-76.283333,2017-12-07,23
40.046667,-76.283333,2017-12-28,23
40.046667,-76.283333,2017-12-09,68
40.046667,-76.283333,2017-12-08,48
40.46542,-79.960757,2017-12-12,40
40.46542,-79.960757,2017-12-10,38
40.46542,-79.960757,2017-12-22,36
40.46542,-79.960757,2017-12-02,79
40.46542,-79.960757,2017-12-26,20
40.46542,-79.960757,2017-12-07,23
40.46542,-79.960757,2017-12-03,81
40.46542,-79.960757,2017-12-27,38
40.46542,-79.960757,2017-12-24,28
40.46542,-79.960757,2017-12-11,42
40.46542,-79.960757,2017-12-07,26
40.46542,-79.960757,2017-12-23,28
40.46542,-79.960757,2017-12-27,37
40.46542,-79.960757,2017-12-08,31
40.46542,-79.960757,2017-12-09,42
40.46542,-79.960757,2017-12-26,26
40.46542,-79.960757,2017-12-28,54
40.46542,-79.960757,2017-12-17,63
40.46542,-79.960757,2017-12-25,23
40.46542,-79.960757,2017-12-09,41
40.46542,-79.960757,2017-12-23,28
40.46542,-79.960757,2017-12-10,44
40.46542,-79.960757,2017-12-27,36
40.46542,-79.960757,2017-12-29,51
40.46542,-79.960757,2017-12-24,34
40.46542,-79.960757,2017-12-06,16
40.46542,-79.960757,2017-12-02,81
40.46542,-79.960757,2017-12-30,60
40.46542,-79.960757,2017-12-03,87
40.46542,-79.960757,2017-12-09,38
40.46542,-79.960757,2017-12-14,29
40.46542,-79.960757,2017-12-12,25
40.46542,-79.960757,2017-12-06,15
40.46542,-79.960757,2017-12-29,56
40.46542,-79.960757,2017-12-03,82
40.46542,-79.960757,2017-12-21,29
40.46542,-79.960757,2017-12-05,29
40.46542,-79.960757,2017-12-13,34
40.46542,-79.960757,2017-12-04,68
40.46542,-79.960757,2017-12-16,57
40.46542,-79.960757,2017-12-25,28
40.46542,-79.960757,2017-12-08,38
40.46542,-79.960757,2017-12-16,54
40.46542,-79.960757,2017-12-18,43
40.46542,-79.960757,2017-12-15,52
40.46542,-79.960757,2017-12-28,55
40.46542,-79.960757,2017-12-05,35
40.46542,-79.960757,2017-12-21,25
40.46542,-79.960757,2017-12-31,54
40.46542,-79.960757,2017-12-18,47
40.46542,-79.960757,2017-12-14,37
40.46542,-79.960757,2017-12-20,44
40.46542,-79.960757,2017-12-31,57
40.46542,-79.960757,2017-12-21,30
40.46542,-79.960757,2017-12-19,45
40.46542,-79.960757,2017-12-15,51
40.46542,-79.960757,2017-12-17,67
40.46542,-79.960757,2017-12-11,49
40.46542,-79.960757,2017-12-22,31
40.46542,-79.960757,2017-12-15,51
40.46542,-79.960757,2017-12-30,57
40.46542,-79.960757,2017-12-19,37
40.46542,-79.960757,2017-12-13,20
40.46542,-79.960757,2017-12-20,32
40.46542,-79.960757,2017-12-04,63
40.811389,-77.877028,2017-12-04,86
40.811389,-77.877028,2017-12-09,65
40.811389,-77.877028,2017-12-16,61
40.811389,-77.877028,2017-12-23,58
40.811389,-77.877028,2017-12-13,35
40.811389,-77.877028,2017-12-07,49
40.811389,-77.877028,2017-12-12,52
40.811389,-77.877028,2017-12-05,66
40.811389,-77.877028,2017-12-18,72
40.811389,-77.877028,2017-12-20,50
40.811389,-77.877028,2017-12-02,73
40.811389,-77.877028,2017-12-30,69
40.811389,-77.877028,2017-12-26,52
40.811389,-77.877028,2017-12-03,83
40.811389,-77.877028,2017-12-17,84
40.811389,-77.877028,2017-12-14,54
40.811389,-77.877028,2017-12-10,59
40.811389,-77.877028,2017-12-27,55
40.811389,-77.877028,2017-12-28,54
40.811389,-77.877028,2017-12-22,61
40.811389,-77.877028,2017-12-29,63
40.811389,-77.877028,2017-12-08,56
40.811389,-77.877028,2017-12-11,60
40.811389,-77.877028,2017-12-15,58
40.811389,-77.877028,2017-12-24,45
40.811389,-77.877028,2017-12-31,42
40.811389,-77.877028,2017-12-19,47
40.811389,-77.877028,2017-12-06,45
40.811389,-77.877028,2017-12-25,52
40.811389,-77.877028,2017-12-21,44
40.814183,-79.564749999999989,2017-12-15,38
40.814183,-79.564749999999989,2017-12-31,43
40.814183,-79.564749999999989,2017-12-27,31
40.814183,-79.564749999999989,2017-12-28,43
40.814183,-79.564749999999989,2017-12-08,36
40.814183,-79.564749999999989,2017-12-17,58
40.814183,-79.564749999999989,2017-12-18,45
40.814183,-79.564749999999989,2017-12-30,55
40.814183,-79.564749999999989,2017-12-29,43
40.814183,-79.564749999999989,2017-12-14,27
40.814183,-79.564749999999989,2017-12-07,22
40.814183,-79.564749999999989,2017-12-13,20
40.814183,-79.564749999999989,2017-12-24,9
40.814183,-79.564749999999989,2017-12-22,24
40.814183,-79.564749999999989,2017-12-16,44
40.814183,-79.564749999999989,2017-12-26,16
40.814183,-79.564749999999989,2017-12-12,31
40.814183,-79.564749999999989,2017-12-19,31
40.814183,-79.564749999999989,2017-12-25,19
40.814183,-79.564749999999989,2017-12-06,13
40.814183,-79.564749999999989,2017-12-10,45
40.814183,-79.564749999999989,2017-12-20,30
40.814183,-79.564749999999989,2017-12-09,45
40.814183,-79.564749999999989,2017-12-21,21
40.814183,-79.564749999999989,2017-12-11,41
40.814183,-79.564749999999989,2017-12-23,8
40.814183,-79.564749999999989,2017-12-05,28
40.304694,-79.505667,2017-12-17,58
40.304694,-79.505667,2017-12-14,33
40.304694,-79.505667,2017-12-15,61
40.304694,-79.505667,2017-12-27,33
40.304694,-79.505667,2017-12-04,60
40.304694,-79.505667,2017-12-28,25
40.304694,-79.505667,2017-12-30,29
40.304694,-79.505667,2017-12-24,23
40.304694,-79.505667,2017-12-31,25
40.304694,-79.505667,2017-12-22,43
40.304694,-79.505667,2017-12-07,23
40.304694,-79.505667,2017-12-20,48
40.304694,-79.505667,2017-12-16,52
40.304694,-79.505667,2017-12-20,52
40.304694,-79.505667,2017-12-13,19
40.304694,-79.505667,2017-12-23,22
40.304694,-79.505667,2017-12-22,17
40.304694,-79.505667,2017-12-03,72
40.304694,-79.505667,2017-12-18,38
40.304694,-79.505667,2017-12-19,45
40.304694,-79.505667,2017-12-06,18
40.304694,-79.505667,2017-12-08,33
40.304694,-79.505667,2017-12-21,30
40.304694,-79.505667,2017-12-16,57
40.304694,-79.505667,2017-12-17,53
40.304694,-79.505667,2017-12-15,67
40.304694,-79.505667,2017-12-24,10
40.304694,-79.505667,2017-12-30,58
40.304694,-79.505667,2017-12-28,52
40.304694,-79.505667,2017-12-11,55
40.304694,-79.505667,2017-12-31,55
40.304694,-79.505667,2017-12-18,48
40.304694,-79.505667,2017-12-13,33
40.304694,-79.505667,2017-12-14,38
40.304694,-79.505667,2017-12-02,65
40.304694,-79.505667,2017-12-19,32
40.304694,-79.505667,2017-12-25,9
40.304694,-79.505667,2017-12-10,41
40.304694,-79.505667,2017-12-12,43
40.304694,-79.505667,2017-12-26,20
40.304694,-79.505667,2017-12-29,55
40.304694,-79.505667,2017-12-23,8
40.304694,-79.505667,2017-12-26,10
40.304694,-79.505667,2017-12-12,41
40.304694,-79.505667,2017-12-05,51
40.304694,-79.505667,2017-12-29,24
40.304694,-79.505667,2017-12-25,20
40.304694,-79.505667,2017-12-09,43
40.304694,-79.505667,2017-12-27,15
39.834461,-75.768242,2017-12-03,85
39.834461,-75.768242,2017-12-09,64
39.834461,-75.768242,2017-12-05,42
39.834461,-75.768242,2017-12-17,79
39.834461,-75.768242,2017-12-03,86
39.834461,-75.768242,2017-12-29,52
39.834461,-75.768242,2017-12-31,30
39.834461,-75.768242,2017-12-30,77
39.834461,-75.768242,2017-12-13,27
39.834461,-75.768242,2017-12-08,55
39.834461,-75.768242,2017-12-16,65
39.834461,-75.768242,2017-12-10,65
39.834461,-75.768242,2017-12-09,62
39.834461,-75.768242,2017-12-12,45
39.834461,-75.768242,2017-12-11,62
39.834461,-75.768242,2017-12-14,46
39.834461,-75.768242,2017-12-06,30
39.834461,-75.768242,2017-12-15,47
39.834461,-75.768242,2017-12-28,32
39.834461,-75.768242,2017-12-18,83
39.834461,-75.768242,2017-12-07,38
39.834461,-75.768242,2017-12-04,96
39.834461,-75.768242,2017-12-19,56
39.834461,-75.768242,2017-12-21,37
39.834461,-75.768242,2017-12-02,54
39.834461,-75.768242,2017-12-15,51
39.834461,-75.768242,2017-12-27,27
40.246992,-76.846988,2017-12-06,16
40.246992,-76.846988,2017-12-29,27
40.246992,-76.846988,2017-12-20,22
40.246992,-76.846988,2017-12-11,40
40.246992,-76.846988,2017-12-14,30
40.246992,-76.846988,2017-12-30,61
40.246992,-76.846988,2017-12-23,53
40.246992,-76.846988,2017-12-22,55
40.246992,-76.846988,2017-12-20,22
40.246992,-76.846988,2017-12-12,29
40.246992,-76.846988,2017-12-25,24
40.246992,-76.846988,2017-12-09,58
40.246992,-76.846988,2017-12-28,17
40.246992,-76.846988,2017-12-27,17
40.246992,-76.846988,2017-12-19,51
40.246992,-76.846988,2017-12-05,61
40.246992,-76.846988,2017-12-04,110
40.246992,-76.846988,2017-12-24,26
40.246992,-76.846988,2017-12-31,12
40.246992,-76.846988,2017-12-14,34
40.246992,-76.846988,2017-12-29,38
40.246992,-76.846988,2017-12-26,17
40.246992,-76.846988,2017-12-21,33
40.246992,-76.846988,2017-12-16,38
40.246992,-76.846988,2017-12-07,25
40.246992,-76.846988,2017-12-15,42
40.246992,-76.846988,2017-12-05,59
40.246992,-76.846988,2017-12-08,30
40.246992,-76.846988,2017-12-23,56
40.246992,-76.846988,2017-12-04,100
40.246992,-76.846988,2017-12-22,51
40.246992,-76.846988,2017-12-16,50
40.246992,-76.846988,2017-12-21,37
40.246992,-76.846988,2017-12-10,50
40.246992,-76.846988,2017-12-31,14
40.246992,-76.846988,2017-12-09,51
40.246992,-76.846988,2017-12-17,77
40.246992,-76.846988,2017-12-28,17
40.246992,-76.846988,2017-12-19,45
40.246992,-76.846988,2017-12-03,84
40.246992,-76.846988,2017-12-18,87
40.246992,-76.846988,2017-12-10,43
40.246992,-76.846988,2017-12-12,30
40.246992,-76.846988,2017-12-02,56
40.246992,-76.846988,2017-12-03,78
40.246992,-76.846988,2017-12-18,82
40.246992,-76.846988,2017-12-13,13
40.246992,-76.846988,2017-12-24,22
40.246992,-76.846988,2017-12-30,67
40.246992,-76.846988,2017-12-11,48
40.246992,-76.846988,2017-12-27,27
40.246992,-76.846988,2017-12-13,16
40.246992,-76.846988,2017-12-07,30
40.246992,-76.846988,2017-12-08,41
40.246992,-76.846988,2017-12-17,83
40.246992,-76.846988,2017-12-02,61
40.246992,-76.846988,2017-12-06,19
40.611944,-75.4325,2017-12-12,52
40.611944,-75.4325,2017-12-19,62
40.611944,-75.4325,2017-12-11,55
40.611944,-75.4325,2017-12-30,73
40.611944,-75.4325,2017-12-20,35
40.611944,-75.4325,2017-12-10,69
40.611944,-75.4325,2017-12-03,71
40.611944,-75.4325,2017-12-06,32
40.611944,-75.4325,2017-12-05,38
40.611944,-75.4325,2017-12-17,59
40.611944,-75.4325,2017-12-07,48
40.611944,-75.4325,2017-12-13,26
40.611944,-75.4325,2017-12-04,79
40.611944,-75.4325,2017-12-09,54
40.611944,-75.4325,2017-12-26,39
40.611944,-75.4325,2017-12-18,87
40.611944,-75.4325,2017-12-29,42
40.611944,-75.4325,2017-12-14,48
40.611944,-75.4325,2017-12-27,44
40.611944,-75.4325,2017-12-28,30
40.611944,-75.4325,2017-12-22,51
40.611944,-75.4325,2017-12-16,65
40.611944,-75.4325,2017-12-02,53
40.611944,-75.4325,2017-12-15,55
40.611944,-75.4325,2017-12-23,47
40.611944,-75.4325,2017-12-25,43
40.611944,-75.4325,2017-12-08,50
40.611944,-75.4325,2017-12-24,38
40.611944,-75.4325,2017-12-31,38
40.611944,-75.4325,2017-12-21,38
40.323768,-79.868062,2017-12-12,31
40.323768,-79.868062,2017-12-07,23
40.323768,-79.868062,2017-12-02,147
40.323768,-79.868062,2017-12-10,38
40.323768,-79.868062,2017-12-09,39
40.323768,-79.868062,2017-12-29,54
40.323768,-79.868062,2017-12-15,62
40.323768,-79.868062,2017-12-11,45
40.323768,-79.868062,2017-12-22,66
40.323768,-79.868062,2017-12-03,164
40.323768,-79.868062,2017-12-26,19
40.323768,-79.868062,2017-12-08,38
40.323768,-79.868062,2017-12-17,119
40.323768,-79.868062,2017-12-03,162
40.323768,-79.868062,2017-12-19,35
40.323768,-79.868062,2017-12-24,30
40.323768,-79.868062,2017-12-14,39
40.323768,-79.868062,2017-12-30,56
40.323768,-79.868062,2017-12-09,40
40.323768,-79.868062,2017-12-31,45
40.323768,-79.868062,2017-12-27,34
40.323768,-79.868062,2017-12-18,62
40.323768,-79.868062,2017-12-21,25
40.323768,-79.868062,2017-12-21,22
40.323768,-79.868062,2017-12-06,12
40.323768,-79.868062,2017-12-05,46
40.323768,-79.868062,2017-12-25,19
40.323768,-79.868062,2017-12-15,60
40.323768,-79.868062,2017-12-23,32
40.323768,-79.868062,2017-12-16,77
40.323768,-79.868062,2017-12-28,57
40.323768,-79.868062,2017-12-27,35
40.323768,-79.868062,2017-12-04,77
40.323768,-79.868062,2017-12-20,38
40.323768,-79.868062,2017-12-13,22
40.402328,-79.860973,2017-12-18,52
40.402328,-79.860973,2017-12-21,20
40.402328,-79.860973,2017-12-09,47
40.402328,-79.860973,2017-12-27,36
40.402328,-79.860973,2017-12-15,56
40.402328,-79.860973,2017-12-24,33
40.402328,-79.860973,2017-12-06,14
40.402328,-79.860973,2017-12-03,116
40.402328,-79.860973,2017-12-30,57
40.402328,-79.860973,2017-12-12,29
40.38335,-75.968600000000009,2017-12-21,33
40.38335,-75.968600000000009,2017-12-30,64
40.38335,-75.968600000000009,2017-12-07,30
40.38335,-75.968600000000009,2017-12-24,18
40.38335,-75.968600000000009,2017-12-03,65
40.38335,-75.968600000000009,2017-12-22,46
40.38335,-75.968600000000009,2017-12-27,22
40.38335,-75.968600000000009,2017-12-27,28
40.38335,-75.968600000000009,2017-12-16,57
40.38335,-75.968600000000009,2017-12-25,28
40.38335,-75.968600000000009,2017-12-10,58
40.38335,-75.968600000000009,2017-12-05,57
40.38335,-75.968600000000009,2017-12-24,22
40.38335,-75.968600000000009,2017-12-07,40
40.38335,-75.968600000000009,2017-12-28,18
40.38335,-75.968600000000009,2017-12-06,21
40.38335,-75.968600000000009,2017-12-10,39
40.38335,-75.968600000000009,2017-12-28,13
40.38335,-75.968600000000009,2017-12-11,41
40.38335,-75.968600000000009,2017-12-05,37
40.38335,-75.968600000000009,2017-12-11,53
40.38335,-75.968600000000009,2017-12-20,30
40.38335,-75.968600000000009,2017-12-06,23
40.38335,-75.968600000000009,2017-12-13,10
40.38335,-75.968600000000009,2017-12-14,26
40.38335,-75.968600000000009,2017-12-26,18
40.38335,-75.968600000000009,2017-12-02,36
40.38335,-75.968600000000009,2017-12-15,33
40.38335,-75.968600000000009,2017-12-30,73
40.38335,-75.968600000000009,2017-12-03,77
40.38335,-75.968600000000009,2017-12-08,45
40.38335,-75.968600000000009,2017-12-15,54
40.38335,-75.968600000000009,2017-12-21,42
40.38335,-75.968600000000009,2017-12-04,102
40.38335,-75.968600000000009,2017-12-12,30
40.38335,-75.968600000000009,2017-12-25,21
40.38335,-75.968600000000009,2017-12-31,20
40.38335,-75.968600000000009,2017-12-29,22
40.38335,-75.968600000000009,2017-12-19,57
40.38335,-75.968600000000009,2017-12-12,33
40.38335,-75.968600000000009,2017-12-09,63
40.38335,-75.968600000000009,2017-12-23,46
40.38335,-75.968600000000009,2017-12-02,55
40.38335,-75.968600000000009,2017-12-14,36
40.38335,-75.968600000000009,2017-12-18,83
40.38335,-75.968600000000009,2017-12-31,96
40.38335,-75.968600000000009,2017-12-17,68
40.38335,-75.968600000000009,2017-12-26,22
40.38335,-75.968600000000009,2017-12-23,41
40.38335,-75.968600000000009,2017-12-04,81
40.38335,-75.968600000000009,2017-12-09,45
40.38335,-75.968600000000009,2017-12-08,35
40.38335,-75.968600000000009,2017-12-29,33
40.38335,-75.968600000000009,2017-12-13,13
40.38335,-75.968600000000009,2017-12-22,56
39.809329999999996,-80.26567,2017-12-17,33
39.809329999999996,-80.26567,2017-12-26,15
39.809329999999996,-80.26567,2017-12-07,18
39.809329999999996,-80.26567,2017-12-03,49
39.809329999999996,-80.26567,2017-12-27,24
39.809329999999996,-80.26567,2017-12-23,15
39.809329999999996,-80.26567,2017-12-21,21
39.809329999999996,-80.26567,2017-12-13,12
39.809329999999996,-80.26567,2017-12-29,42
39.809329999999996,-80.26567,2017-12-08,28
39.809329999999996,-80.26567,2017-12-04,34
39.809329999999996,-80.26567,2017-12-30,38
39.809329999999996,-80.26567,2017-12-16,33
39.809329999999996,-80.26567,2017-12-12,23
39.809329999999996,-80.26567,2017-12-05,28
39.809329999999996,-80.26567,2017-12-18,24
39.809329999999996,-80.26567,2017-12-11,28
39.809329999999996,-80.26567,2017-12-28,33
39.809329999999996,-80.26567,2017-12-24,24
39.809329999999996,-80.26567,2017-12-10,34
39.809329999999996,-80.26567,2017-12-06,11
39.809329999999996,-80.26567,2017-12-09,28
39.809329999999996,-80.26567,2017-12-14,26
39.809329999999996,-80.26567,2017-12-31,27
39.809329999999996,-80.26567,2017-12-19,28
39.809329999999996,-80.26567,2017-12-02,49
39.809329999999996,-80.26567,2017-12-20,41
39.809329999999996,-80.26567,2017-12-15,31
39.809329999999996,-80.26567,2017-12-22,25
41.705225999999996,-76.512726,2017-12-11,45
41.705225999999996,-76.512726,2017-12-06,27
41.705225999999996,-76.512726,2017-12-04,74
41.705225999999996,-76.512726,2017-12-19,40
41.705225999999996,-76.512726,2017-12-23,55
41.705225999999996,-76.512726,2017-12-02,52
41.705225999999996,-76.512726,2017-12-30,59
41.705225999999996,-76.512726,2017-12-28,42
41.705225999999996,-76.512726,2017-12-09,50
41.705225999999996,-76.512726,2017-12-12,49
41.705225999999996,-76.512726,2017-12-21,32
41.705225999999996,-76.512726,2017-12-26,37
41.705225999999996,-76.512726,2017-12-13,25
41.705225999999996,-76.512726,2017-12-05,38
41.705225999999996,-76.512726,2017-12-14,32
41.705225999999996,-76.512726,2017-12-29,45
41.705225999999996,-76.512726,2017-12-08,43
41.705225999999996,-76.512726,2017-12-31,36
41.705225999999996,-76.512726,2017-12-18,70
41.705225999999996,-76.512726,2017-12-15,55
41.705225999999996,-76.512726,2017-12-24,33
41.705225999999996,-76.512726,2017-12-03,58
41.705225999999996,-76.512726,2017-12-25,34
41.705225999999996,-76.512726,2017-12-20,33
41.705225999999996,-76.512726,2017-12-27,45
41.705225999999996,-76.512726,2017-12-10,51
41.705225999999996,-76.512726,2017-12-22,55
41.705225999999996,-76.512726,2017-12-07,30
41.705225999999996,-76.512726,2017-12-16,46
41.705225999999996,-76.512726,2017-12-17,48
40.606624,-80.021669,2017-12-15,40
40.606624,-80.021669,2017-12-27,33
40.606624,-80.021669,2017-12-09,38
40.606624,-80.021669,2017-12-03,69
40.606624,-80.021669,2017-12-21,21
